<?xml version="1.0"?>
<!--<!DOCTYPE metadata SYSTEM "http://www.esri.com/metadata/esriprof80.dtd">-->
<metadata xml:lang="en"><Esri><CreaDate>20100602</CreaDate><CreaTime>16084400</CreaTime><SyncOnce>FALSE</SyncOnce><SyncDate>20100602</SyncDate><SyncTime>16063000</SyncTime><ModDate>20100602</ModDate><ModTime>16063000</ModTime><MetaID>{6656F696-78FB-448A-9F9E-12C21129E74B}</MetaID></Esri><idinfo><native Sync="TRUE">Microsoft Windows XP Version 5.1 (Build 2600) Service Pack 3; ESRI ArcCatalog 9.3.1.3000</native><descript><langdata Sync="TRUE">en</langdata><abstract>This data set represents the extent, approximate location and type of wetlands and deepwater habitats in Hawaii, United States.  These data delineate the areal extent of wetlands and surface waters as defined by Cowardin et al. (1979).  

Certain wetland habitats are excluded from the National mapping program because of the limitations of aerial imagery as the primary data source used to detect wetlands.  These habitats include seagrasses or submerged aquatic vegetation that are found in the intertidal and subtidal zones of estuaries and near shore coastal waters.  Some deepwater reef communities (coral or tuberficid worm reefs) have also been excluded from the inventory.  These habitats, because of their depth, go undetected by aerial imagery.     

By policy, the Service also excludes certain types of "farmed wetlands" as may be defined by the Food Security Act or that do not coincide with the Cowardin et al. definition.  Contact the Service's Regional Wetland Coordinator for additional information on what types of farmed wetlands are included on wetland maps.</abstract><purpose>The present goal of the Service is to provide the citizens of the United States and its Trust Territories with current geospatially referenced information on the status, extent, characteristics and functions of wetlands, riparian, deepwater and related aquatic habitats in priority areas to promote the understanding and conservation of these resources.</purpose><supplinf>The wetland maps were produced as topical overlays using U.S. Geological Survey topographic maps as the base.  The hard copy product is a composite map showing topographic and planimetric features from the USGS map base and wetlands and deepwater habitats from the Service's topical overlay.  Thus, the data are intended for use in publications, at a scale of 1:24,000 or smaller. Due to the scale, the primary intended use is for regional and watershed data display and analysis, rather than specific project data analysis.  The map products were neither designed or intended to represent legal or regulatory products.

Questions or comments regarding the interpretation or classification of wetlands or deepwater habitats can be addressed by visiting http://www.fws.gov/wetlands/FAQs.html
 
These data were developed in conjunction with the publication Cowardin, L.M., V. Carter, F.C. Golet, and E.T. LaRoe.  1979.  Classification of Wetlands and Deepwater Habitats of the United States.  U.S. Department of the Interior, Fish and Wildlife Service, Washington, DC.  FWS/OBS-79/31.  Alpha-numeric map codes have been developed to correspond to the wetland and deepwater classifications described.

These spatial data are not designed to stand alone.  They form topical overlays to the U.S. Geological Survey 1:24,000 or 1:25,000 scale topographic quadrangles.  Note that coastline delineations were drawn to follow the extent of wetland or deepwater features as described by this project and may not match the coastline shown in other base maps.

Any use of trade, product, or firm names is for descriptive purposes only and does not imply endorsement by the U.S. Government.

Although this Federal Geographic Data Committee-compliant metadata file is intended to document the data set in nonproprietary form, as well as in Arc/INFO format, this metadata file may include some Arc/INFO-specific terminology.</supplinf></descript><citation><citeinfo><origin>U.S. Fish and Wildlife Service</origin><pubdate>September 25, 2009</pubdate><title Sync="TRUE">HI_wet_poly</title><ftname Sync="TRUE">HI_wet_poly</ftname><geoform Sync="TRUE">vector digital data</geoform><onlink>http://www.fws.gov/wetlands/index.html</onlink></citeinfo></citation><timeperd><current>ground condition</current><timeinfo><rngdates><begdate>1977</begdate><enddate>present</enddate></rngdates></timeinfo></timeperd><status><progress>Ongoing</progress><update>In Continuous Increments</update></status><spdom><bounding><westbc Sync="TRUE">-160.284842</westbc><eastbc Sync="TRUE">-154.667529</eastbc><northbc Sync="TRUE">22.243690</northbc><southbc Sync="TRUE">18.850112</southbc></bounding><lboundng><leftbc Sync="TRUE">367592.587100</leftbc><rightbc Sync="TRUE">946922.389100</rightbc><bottombc Sync="TRUE">2089591.867800</bottombc><topbc Sync="TRUE">2459800.400500</topbc></lboundng></spdom><keywords><theme><themekt>REQUIRED: Reference to a formally registered thesaurus or a similar authoritative source of theme keywords.</themekt><themekey>Wetlands</themekey><themekey>Deepwater habitats</themekey><themekey>Hydrography</themekey><themekey>Surface water</themekey><themekey>Swamps, marshes, bogs, fens</themekey></theme><place><placekey>United States</placekey><placekey>Hawaii</placekey></place></keywords><accconst>None</accconst><useconst>None. Acknowledgement of the U.S. Fish and Wildlife Service and (or) the National Wetlands Inventory would be appreciated in products derived from these data</useconst><natvform Sync="TRUE">File Geodatabase Feature Class</natvform><ptcontac><cntinfo><cntorgp><cntorg>U.S. Fish and Wildlife Service</cntorg></cntorgp><cntpos>Wetlands Database Administrator</cntpos><cntaddr><addrtype>mailing and physical address</addrtype><address>505 Science Drive</address><city>Madison</city><state>WI</state><postal>53711</postal><country>USA</country></cntaddr><cntvoice>608-238-9333</cntvoice><cntfax>608-238-9334</cntfax><cntemail>wetlands_team@fws.gov</cntemail></cntinfo></ptcontac><crossref><citeinfo><origin>U.S. Fish and Wildlife Serivce, National Wetlands Inventory</origin><pubdate>Various</pubdate><title>Wetlands and Deepwater Habitats of Hawaii, United States</title><edition>Version 1.0</edition><pubinfo><pubplace>Washington, D.C. USA</pubplace><publish>U.S. Fish and Wildlife Service</publish></pubinfo></citeinfo></crossref><browse><browsed>Topical overlay showing the extent and type of wetland and deepwater habitats.</browsed></browse></idinfo><dataIdInfo><envirDesc Sync="TRUE">Microsoft Windows XP Version 5.1 (Build 2600) Service Pack 3; ESRI ArcCatalog 9.3.1.3000</envirDesc><dataLang><languageCode Sync="TRUE" value="en"></languageCode></dataLang><idCitation><resTitle Sync="TRUE">HI_wet_poly</resTitle><presForm><PresFormCd Sync="TRUE" value="005"></PresFormCd></presForm></idCitation><spatRpType><SpatRepTypCd Sync="TRUE" value="001"></SpatRepTypCd></spatRpType><dataExt><geoEle><GeoBndBox esriExtentType="native"><westBL Sync="TRUE">367592.5871</westBL><eastBL Sync="TRUE">946922.3891</eastBL><northBL Sync="TRUE">2459800.4005</northBL><southBL Sync="TRUE">2089591.8678</southBL><exTypeCode Sync="TRUE">1</exTypeCode></GeoBndBox></geoEle></dataExt><geoBox esriExtentType="decdegrees"><westBL Sync="TRUE">-160.284842</westBL><eastBL Sync="TRUE">-154.667529</eastBL><northBL Sync="TRUE">22.24369</northBL><southBL Sync="TRUE">18.850112</southBL><exTypeCode Sync="TRUE">1</exTypeCode></geoBox></dataIdInfo><metainfo><langmeta Sync="TRUE">en</langmeta><metstdn Sync="TRUE">FGDC Content Standards for Digital Geospatial Metadata</metstdn><metstdv Sync="TRUE">FGDC-STD-001-1998</metstdv><mettc Sync="TRUE">local time</mettc><metc><cntinfo><cntorgp><cntorg>U.S. Fish and Wildlife Service</cntorg></cntorgp><cntaddr><addrtype>mailing address</addrtype><city>Madison</city><state>WI</state><postal>53711</postal><address>505 Science Drive</address><country>USA</country></cntaddr><cntvoice>608-238-9333</cntvoice><cntpos>Wetlands Database Administrator</cntpos><cntfax>608-238-9334</cntfax><cntemail>wetlands_team@fws.gov</cntemail></cntinfo></metc><metd>September 25, 2009</metd><metsi><metscs>None</metscs><metsc>Unclassified</metsc><metshd>None</metshd></metsi><metextns><onlink Sync="TRUE">http://www.esri.com/metadata/esriprof80.html</onlink><metprof Sync="TRUE">ESRI Metadata Profile</metprof></metextns></metainfo><mdLang><languageCode Sync="TRUE" value="en"></languageCode></mdLang><mdStanName Sync="TRUE">ISO 19115 Geographic Information - Metadata</mdStanName><mdStanVer Sync="TRUE">DIS_ESRI1.0</mdStanVer><mdChar><CharSetCd Sync="TRUE" value="004"></CharSetCd></mdChar><mdHrLv><ScopeCd Sync="TRUE" value="005"></ScopeCd></mdHrLv><mdHrLvName Sync="TRUE">dataset</mdHrLvName><distinfo><resdesc Sync="TRUE">Downloadable Data</resdesc><stdorder><digform><digtinfo><formname>Shapefile or File Geodatabase</formname></digtinfo><digtopt><onlinopt><computer><networka><networkr>http://www.fws.gov/wetlands/data/DataDownload.html</networkr></networka></computer></onlinopt><offoptn><offmedia>CD-ROM or DVD</offmedia></offoptn></digtopt></digform><fees>There is no charge for the online option.  Requests for large amounts of data are handled on a cost reimbursable basis.</fees></stdorder><distrib><cntinfo><cntorgp><cntorg>U.S. Fish and Wildlife Service</cntorg></cntorgp><cntpos>Wetlands Database Administrator</cntpos><cntaddr><addrtype>mailing and physical address</addrtype><address>505 Science Drive</address><city>Madison</city><state>WI</state><postal>53711</postal><country>USA</country></cntaddr><cntvoice>608-238-9333</cntvoice><cntfax>608-238-9334</cntfax><cntemail>wetlands_team@fws.gov</cntemail></cntinfo></distrib><distliab>Although these data have been processed successfully on a computer system at the U.S. Fish and Wildlife Service, no warranty expressed or implied is made by the U.S. Fish and Wildlife Service regarding the utility of the data on any other system, nor shall the act of distribution constitute any such warranty. No responsibility is assumed by the U.S. Fish and Wildlife Service in the use of these data.</distliab><availabl><timeinfo><sngdate><caldate>present</caldate></sngdate></timeinfo></availabl></distinfo><distInfo><distributor><distorTran><onLineSrc><orDesc Sync="TRUE">002</orDesc><linkage Sync="TRUE">file://</linkage><protocol Sync="TRUE">Local Area Network</protocol></onLineSrc><transSize Sync="TRUE">6.084</transSize></distorTran><distorFormat><formatName Sync="TRUE">File Geodatabase Feature Class</formatName></distorFormat></distributor></distInfo><spdoinfo><direct Sync="TRUE">Vector</direct><ptvctinf><esriterm Name="HI_wet_poly"><efeatyp Sync="TRUE">Simple</efeatyp><efeageom Sync="TRUE">Polygon</efeageom><esritopo Sync="TRUE">TRUE</esritopo><efeacnt Sync="TRUE">9145</efeacnt><spindex Sync="TRUE">TRUE</spindex><linrefer Sync="TRUE">FALSE</linrefer><XYRank Sync="TRUE">1</XYRank><ZRank Sync="TRUE">1</ZRank><topoWeight Sync="TRUE">5.000000</topoWeight><validateEvents Sync="TRUE">FALSE</validateEvents><partTopoRules><topoRuleID Sync="TRUE">12</topoRuleID></partTopoRules></esriterm><sdtsterm Name="HI_wet_poly"><sdtstype Sync="TRUE">G-polygon</sdtstype><ptvctcnt Sync="TRUE">9145</ptvctcnt></sdtsterm><esriterm Name="label"><efeatyp Sync="TRUE">Simple</efeatyp><efeageom Sync="TRUE">Label</efeageom><esritopo Sync="TRUE">FALSE</esritopo><efeacnt Sync="TRUE">3255</efeacnt><spindex Sync="TRUE">FALSE</spindex><linrefer Sync="TRUE">FALSE</linrefer></esriterm><sdtsterm Name="label"><sdtstype Sync="TRUE">Label point</sdtstype><ptvctcnt Sync="TRUE">3255</ptvctcnt></sdtsterm><esriterm Name="polygon"><efeatyp Sync="TRUE">Simple</efeatyp><efeageom Sync="TRUE">Polygon</efeageom><esritopo Sync="TRUE">TRUE</esritopo><efeacnt Sync="TRUE">3255</efeacnt><spindex Sync="TRUE">FALSE</spindex><linrefer Sync="TRUE">FALSE</linrefer></esriterm><sdtsterm Name="polygon"><sdtstype Sync="TRUE">GT-polygon composed of chains</sdtstype><ptvctcnt Sync="TRUE">3255</ptvctcnt></sdtsterm><esriterm Name="tic"><efeatyp Sync="TRUE">Simple</efeatyp><efeageom Sync="TRUE">Tic</efeageom><esritopo Sync="TRUE">FALSE</esritopo><efeacnt Sync="TRUE">4</efeacnt><spindex Sync="TRUE">FALSE</spindex><linrefer Sync="TRUE">FALSE</linrefer></esriterm><sdtsterm Name="tic"><sdtstype Sync="TRUE">Point</sdtstype><ptvctcnt Sync="TRUE">4</ptvctcnt></sdtsterm></ptvctinf></spdoinfo><spref><horizsys><cordsysn><geogcsn Sync="TRUE">GCS_North_American_1983</geogcsn><projcsn Sync="TRUE">NAD_1983_UTM_Zone_4N</projcsn></cordsysn><planar><planci><plance Sync="TRUE">coordinate pair</plance><plandu Sync="TRUE">meters</plandu><coordrep><absres Sync="TRUE">0.000100</absres><ordres Sync="TRUE">0.000100</ordres></coordrep></planci><gridsys><gridsysn Sync="TRUE">Universal Transverse Mercator</gridsysn><utm><utmzone Sync="TRUE">4</utmzone><transmer><sfctrmer Sync="TRUE">0.999600</sfctrmer><longcm Sync="TRUE">-159.000000</longcm><latprjo Sync="TRUE">0.000000</latprjo><feast Sync="TRUE">500000.000000</feast><fnorth Sync="TRUE">0.000000</fnorth></transmer></utm></gridsys></planar><geodetic><horizdn Sync="TRUE">North American Datum of 1983</horizdn><ellips Sync="TRUE">Geodetic Reference System 80</ellips><semiaxis Sync="TRUE">6378137.000000</semiaxis><denflat Sync="TRUE">298.257222</denflat></geodetic></horizsys><vertdef><altsys><altenc Sync="TRUE">Explicit elevation coordinate included with horizontal coordinates</altenc><altres Sync="TRUE">0.000003</altres></altsys></vertdef></spref><refSysInfo><RefSystem><refSysID><identCode Sync="TRUE">NAD_1983_UTM_Zone_4N</identCode></refSysID></RefSystem></refSysInfo><spatRepInfo><VectSpatRep><topLvl><TopoLevCd Sync="TRUE" value="001"></TopoLevCd></topLvl><geometObjs Name="HI_wet_poly"><geoObjTyp><GeoObjTypCd Sync="TRUE" value="001"></GeoObjTypCd></geoObjTyp><geoObjCnt Sync="TRUE">9145</geoObjCnt></geometObjs></VectSpatRep></spatRepInfo><eainfo><detailed Name="HI_wet_poly"><enttyp><enttypl Sync="TRUE">HI_wet_poly</enttypl><enttypt Sync="TRUE">Feature Class</enttypt><enttypc Sync="TRUE">9145</enttypc><enttypd>Reference: Cowardin et al. 1979</enttypd><enttypds>U.S. Fish and Wildlife Service</enttypds></enttyp><attr><attrlabl Sync="TRUE">OBJECTID</attrlabl><attalias Sync="TRUE">OBJECTID</attalias><attrtype Sync="TRUE">OID</attrtype><attwidth Sync="TRUE">4</attwidth><atprecis Sync="TRUE">10</atprecis><attscale Sync="TRUE">0</attscale><attrdef Sync="TRUE">Internal feature number.</attrdef><attrdefs Sync="TRUE">ESRI</attrdefs><attrdomv><udom Sync="TRUE">Sequential unique whole numbers that are automatically generated.</udom></attrdomv></attr><attr><attrlabl Sync="TRUE">ATTRIBUTE</attrlabl><attalias Sync="TRUE">ATTRIBUTE</attalias><attrtype Sync="TRUE">String</attrtype><attwidth Sync="TRUE">20</attwidth><atprecis Sync="TRUE">0</atprecis><attscale Sync="TRUE">0</attscale><attrdef>Alphanumeric code identifying the wetland classification of the polygon.</attrdef><attrdefs>http://www.fws.gov/wetlands/Data/wetlandcodes.html</attrdefs><attrdomv><udom Sync="TRUE">Coordinates defining the features.</udom></attrdomv></attr><attr><attrlabl Sync="TRUE">SHAPE</attrlabl><attwidth Sync="TRUE">4</attwidth><atoutwid Sync="TRUE">18</atoutwid><attrtype Sync="TRUE">Geometry</attrtype><attrdef Sync="TRUE">Feature geometry.</attrdef><attrdefs Sync="TRUE">ESRI</attrdefs><attrdomv><udom Sync="TRUE">Coordinates defining the features.</udom></attrdomv><attalias Sync="TRUE">Shape</attalias><atprecis Sync="TRUE">0</atprecis><attscale Sync="TRUE">0</attscale></attr><attr><attrlabl Sync="TRUE">QAQC_CODE</attrlabl><attwidth Sync="TRUE">9</attwidth><atoutwid Sync="TRUE">18</atoutwid><attrtype Sync="TRUE">String</attrtype><attrdef>Results of a test for data quality</attrdef><attrdomv><udom Sync="TRUE">Positive real numbers that are automatically generated.</udom></attrdomv><attalias Sync="TRUE">QAQC_CODE</attalias><atprecis Sync="TRUE">0</atprecis><attscale Sync="TRUE">0</attscale></attr><attr><attrlabl Sync="TRUE">HGM_CODE</attrlabl><attalias Sync="TRUE">HGM_CODE</attalias><attrtype Sync="TRUE">String</attrtype><attwidth Sync="TRUE">10</attwidth><atprecis Sync="TRUE">0</atprecis><attscale Sync="TRUE">0</attscale><attrdef>Hydrogeomorphic code</attrdef></attr><attr><attrlabl Sync="TRUE">ACRES</attrlabl><attalias Sync="TRUE">ACRES</attalias><attrtype Sync="TRUE">Double</attrtype><attwidth Sync="TRUE">8</attwidth><atprecis Sync="TRUE">38</atprecis><attscale Sync="TRUE">8</attscale><attrdef>Area of the polygon in acres.</attrdef><attrdefs>Calculated in an Albers Equal Area projection using ESRI's geometry calculator.</attrdefs></attr><attr><attrlabl Sync="TRUE">WETLAND_TYPE</attrlabl><attalias Sync="TRUE">WETLAND_TYPE</attalias><attrtype Sync="TRUE">String</attrtype><attwidth Sync="TRUE">50</attwidth><atprecis Sync="TRUE">0</atprecis><attscale Sync="TRUE">0</attscale><attrdef>General description of the wetland classification.</attrdef><attrdefs>http://www.fws.gov/wetlands/Data/MapperTips.html</attrdefs></attr><attr><attrlabl Sync="TRUE">HIST_ATTRIBUTE</attrlabl><attalias Sync="TRUE">HIST_ATTRIBUTE</attalias><attrtype Sync="TRUE">String</attrtype><attwidth Sync="TRUE">20</attwidth><atprecis Sync="TRUE">0</atprecis><attscale Sync="TRUE">0</attscale></attr><attr><attrlabl Sync="TRUE">GLOBALID</attrlabl><attalias Sync="TRUE">GLOBALID</attalias><attrtype Sync="TRUE">GlobalID</attrtype><attwidth Sync="TRUE">38</attwidth><atprecis Sync="TRUE">0</atprecis><attscale Sync="TRUE">0</attscale></attr><attr><attrlabl Sync="TRUE">SHAPE_Length</attrlabl><attalias Sync="TRUE">SHAPE_Length</attalias><attrtype Sync="TRUE">Double</attrtype><attwidth Sync="TRUE">8</attwidth><atprecis Sync="TRUE">0</atprecis><attscale Sync="TRUE">0</attscale><attrdef Sync="TRUE">Length of feature in internal units.</attrdef><attrdefs Sync="TRUE">ESRI</attrdefs><attrdomv><udom Sync="TRUE">Positive real numbers that are automatically generated.</udom></attrdomv></attr><attr><attrlabl Sync="TRUE">SHAPE_Area</attrlabl><attalias Sync="TRUE">SHAPE_Area</attalias><attrtype Sync="TRUE">Double</attrtype><attwidth Sync="TRUE">8</attwidth><atprecis Sync="TRUE">0</atprecis><attscale Sync="TRUE">0</attscale><attrdef Sync="TRUE">Area of feature in internal units squared.</attrdef><attrdefs Sync="TRUE">ESRI</attrdefs><attrdomv><udom Sync="TRUE">Positive real numbers that are automatically generated.</udom></attrdomv></attr></detailed></eainfo><mdDateSt Sync="TRUE">20100602</mdDateSt><dataqual><lineage><procstep><procdesc>Original stable base hard copy maps of wetland and deepwater habitats were created based on USGS state and quadrangle boundaries.  These maps were converted to digital files using various software packages (WAMS, ARC and others).  The digital files were stored as ESRI Import/Export files corresponding to a single 1:24,000 USGS quadrangle.  These digital files were imported and converted to ESRI Coverage format and checked for topological and attribute errors.  All coverages were converted from a UTM map projection to an Alber's Equal Area map projection and the horizontal datum was converted from NAD27 to NAD83 were necessary.  Polygons attributed as "Uplands" were removed from the dataset and polygons were merged at quadrangle boundaries where the quadrangle line divided polygons with the same attribute.  The data was loaded into a seamless SDE geodatabase for the conterminous United States.  These steps were conducted using both Arc Macro Language (AML) and ArcMap editing tools.  All point data from the original ESRI Coverages were buffered by 11.28 meters (1/10 of an acre) and incorporated into this polygon feature class.  Linear features from the original ESRI Coverages were merged at quadrangle boundaries where the quadrangle line divided lines with the same attribute.  Linear data is stored in a separate feature class.

Further data improvements included the conversion of all old wetland codes that contained 'OW' to the new code containing 'UB'.  All polygons labeled as 'OUT', 'No Data' and 'NP' were removed from the database.</procdesc><date Sync="TRUE">20030911</date><time Sync="TRUE">15422300</time><srcused>NWI</srcused></procstep><procstep><procdesc>The file was converted to NAD83 in geographic coordinates, and saved in geodatabase format.</procdesc><date Sync="TRUE">20031230</date><time Sync="TRUE">10273800</time><procdate>200401</procdate></procstep><srcinfo><srccite><citeinfo><origin>U.S. Fish and Wildlife Service</origin><pubdate>1977 to present</pubdate><title>Wetlands and Deepwater Habitats of the Conterminous United States</title></citeinfo></srccite><srcscale>1:24,000 and 1:25,000</srcscale><typesrc>Digital file and hard copy paper</typesrc><srctime><timeinfo><rngdates><begdate>1977</begdate><enddate>present</enddate></rngdates></timeinfo><srccurr>Various dates</srccurr></srctime><srccontr>Spatial information</srccontr></srcinfo><procstep><procdesc Sync="TRUE">Dataset copied.</procdesc><srcused Sync="TRUE">Server=igsarchwdbfws02; Service=5151; User=wetdba; Version=SDE.DEFAULT</srcused><procdate Sync="TRUE">20100507</procdate><proctime Sync="TRUE">09274300</proctime></procstep><procstep><procdesc Sync="TRUE">Dataset copied.</procdesc><srcused Sync="TRUE">Server=igsarchwdbfws01; Service=5151; User=wetdba; Version=WETDBA.WETDATA</srcused><procdate Sync="TRUE">20100513</procdate><proctime Sync="TRUE">10502900</proctime></procstep><procstep><procdesc Sync="TRUE">Dataset copied.</procdesc><srcused Sync="TRUE">\\10.4.1.62\gis\Agencies\OP\Wetlands\HI_wetlands.gdb</srcused><procdate Sync="TRUE">20100602</procdate><proctime Sync="TRUE">15272100</proctime></procstep><procstep><procdesc Sync="TRUE">Dataset copied.</procdesc><srcused Sync="TRUE">\\10.4.1.62\gis\Agencies\OP\Wetlands\HI_wetlands.gdb</srcused><procdate Sync="TRUE">20100602</procdate><proctime Sync="TRUE">16084400</proctime></procstep></lineage><attracc><attraccr>The source data was checked using standard review procedures. Attributes were checked by using visual inspection as well as automated verification routines.  Quality of the attribute information varies with age and mapping protocols used when individual maps were prepared</attraccr><qattracc><attraccv>All polygons are attributed.</attraccv></qattracc></attracc><logic>Polygon and chain-node topology are present. Every polygon has a label.</logic><complete>This data set represents the extent of wetlands and deepwater habitats that can be determined with the use of remotely sensed data and within the timeframe for which the maps were produced. Wetlands are shown in Hawaii, United States.  The accuracy of image interpretation depends on the quality of the imagery, the experience of the image analysts, the amount and quality of the collateral data, and the amount of ground truth verification work conducted.  
</complete></dataqual></metadata>
