<?xml version="1.0"?>
<!--<!DOCTYPE metadata SYSTEM "http://www.esri.com/metadata/esriprof80.dtd">-->
<metadata xml:lang="en"><Esri><CreaDate>20100602</CreaDate><CreaTime>16073500</CreaTime><SyncOnce>FALSE</SyncOnce><SyncDate>20100602</SyncDate><SyncTime>16054800</SyncTime><ModDate>20100602</ModDate><ModTime>16054800</ModTime><MetaID>{4610C383-5FE2-44FD-92F2-9F56BDB44075}</MetaID></Esri><idinfo><native Sync="TRUE">Microsoft Windows XP Version 5.1 (Build 2600) Service Pack 3; ESRI ArcCatalog 9.3.1.3000</native><descript><langdata Sync="TRUE">en</langdata><abstract>REQUIRED: A brief narrative summary of the data set.</abstract><purpose>REQUIRED: A summary of the intentions with which the data set was developed.</purpose></descript><citation><citeinfo><origin>REQUIRED: The name of an organization or individual that developed the data set.</origin><pubdate>REQUIRED: The date when the data set is published or otherwise made available for release.</pubdate><title Sync="TRUE">HI_wet_linear</title><ftname Sync="TRUE">HI_wet_linear</ftname><geoform Sync="TRUE">vector digital data</geoform><onlink Sync="TRUE"></onlink></citeinfo></citation><timeperd><current>REQUIRED: The basis on which the time period of content information is determined.</current><timeinfo><sngdate><caldate>REQUIRED: The year (and optionally month, or month and day) for which the data set corresponds to the ground.</caldate></sngdate></timeinfo></timeperd><status><progress>REQUIRED: The state of the data set.</progress><update>REQUIRED: The frequency with which changes and additions are made to the data set after the initial data set is completed.</update></status><spdom><bounding><westbc Sync="TRUE">-160.248759</westbc><eastbc Sync="TRUE">-154.738262</eastbc><northbc Sync="TRUE">22.029210</northbc><southbc Sync="TRUE">18.893458</southbc></bounding><lboundng><leftbc Sync="TRUE">371116.782700</leftbc><rightbc Sync="TRUE">940275.300900</rightbc><bottombc Sync="TRUE">2094242.700900</bottombc><topbc Sync="TRUE">2436060.087400</topbc></lboundng></spdom><keywords><theme><themekt>REQUIRED: Reference to a formally registered thesaurus or a similar authoritative source of theme keywords.</themekt><themekey>REQUIRED: Common-use word or phrase used to describe the subject of the data set.</themekey></theme></keywords><accconst>REQUIRED: Restrictions and legal prerequisites for accessing the data set.</accconst><useconst>REQUIRED: Restrictions and legal prerequisites for using the data set after access is granted.</useconst><natvform Sync="TRUE">File Geodatabase Feature Class</natvform></idinfo><dataIdInfo><envirDesc Sync="TRUE">Microsoft Windows XP Version 5.1 (Build 2600) Service Pack 3; ESRI ArcCatalog 9.3.1.3000</envirDesc><dataLang><languageCode Sync="TRUE" value="en"></languageCode></dataLang><idCitation><resTitle Sync="TRUE">HI_wet_linear</resTitle><presForm><PresFormCd Sync="TRUE" value="005"></PresFormCd></presForm></idCitation><spatRpType><SpatRepTypCd Sync="TRUE" value="001"></SpatRepTypCd></spatRpType><dataExt><geoEle><GeoBndBox esriExtentType="native"><westBL Sync="TRUE">371116.7827</westBL><eastBL Sync="TRUE">940275.3009</eastBL><northBL Sync="TRUE">2436060.0874</northBL><southBL Sync="TRUE">2094242.7009</southBL><exTypeCode Sync="TRUE">1</exTypeCode></GeoBndBox></geoEle></dataExt><geoBox esriExtentType="decdegrees"><westBL Sync="TRUE">-160.248759</westBL><eastBL Sync="TRUE">-154.738262</eastBL><northBL Sync="TRUE">22.02921</northBL><southBL Sync="TRUE">18.893458</southBL><exTypeCode Sync="TRUE">1</exTypeCode></geoBox></dataIdInfo><metainfo><langmeta Sync="TRUE">en</langmeta><metstdn Sync="TRUE">FGDC Content Standards for Digital Geospatial Metadata</metstdn><metstdv Sync="TRUE">FGDC-STD-001-1998</metstdv><mettc Sync="TRUE">local time</mettc><metc><cntinfo><cntorgp><cntper>REQUIRED: The person responsible for the metadata information.</cntper><cntorg>REQUIRED: The organization responsible for the metadata information.</cntorg></cntorgp><cntaddr><addrtype>REQUIRED: The mailing and/or physical address for the organization or individual.</addrtype><city>REQUIRED: The city of the address.</city><state>REQUIRED: The state or province of the address.</state><postal>REQUIRED: The ZIP or other postal code of the address.</postal></cntaddr><cntvoice>REQUIRED: The telephone number by which individuals can speak to the organization or individual.</cntvoice></cntinfo></metc><metd Sync="TRUE">20100602</metd><metextns><onlink Sync="TRUE">http://www.esri.com/metadata/esriprof80.html</onlink><metprof Sync="TRUE">ESRI Metadata Profile</metprof></metextns></metainfo><mdLang><languageCode Sync="TRUE" value="en"></languageCode></mdLang><mdStanName Sync="TRUE">ISO 19115 Geographic Information - Metadata</mdStanName><mdStanVer Sync="TRUE">DIS_ESRI1.0</mdStanVer><mdChar><CharSetCd Sync="TRUE" value="004"></CharSetCd></mdChar><mdHrLv><ScopeCd Sync="TRUE" value="005"></ScopeCd></mdHrLv><mdHrLvName Sync="TRUE">dataset</mdHrLvName><distinfo><resdesc Sync="TRUE">Downloadable Data</resdesc><stdorder><digform><digtinfo><transize Sync="TRUE">4.478</transize><dssize Sync="TRUE">4.478</dssize></digtinfo></digform></stdorder></distinfo><distInfo><distributor><distorTran><onLineSrc><orDesc Sync="TRUE">002</orDesc><linkage Sync="TRUE">file://</linkage><protocol Sync="TRUE">Local Area Network</protocol></onLineSrc><transSize Sync="TRUE">4.478</transSize></distorTran><distorFormat><formatName Sync="TRUE">File Geodatabase Feature Class</formatName></distorFormat></distributor></distInfo><spdoinfo><direct Sync="TRUE">Vector</direct><ptvctinf><esriterm Name="HI_wet_linear"><efeatyp Sync="TRUE">Simple</efeatyp><efeageom Sync="TRUE">Polyline</efeageom><esritopo Sync="TRUE">TRUE</esritopo><efeacnt Sync="TRUE">1408</efeacnt><spindex Sync="TRUE">TRUE</spindex><linrefer Sync="TRUE">FALSE</linrefer><XYRank Sync="TRUE">1</XYRank><ZRank Sync="TRUE">1</ZRank><topoWeight Sync="TRUE">5.000000</topoWeight><validateEvents Sync="TRUE">FALSE</validateEvents><partTopoRules><topoRuleID Sync="TRUE">9</topoRuleID></partTopoRules><partTopoRules><topoRuleID Sync="TRUE">10</topoRuleID></partTopoRules><partTopoRules><topoRuleID Sync="TRUE">11</topoRuleID></partTopoRules></esriterm><sdtsterm Name="HI_wet_linear"><sdtstype Sync="TRUE">String</sdtstype><ptvctcnt Sync="TRUE">1408</ptvctcnt></sdtsterm><esriterm Name="tic"><efeatyp Sync="TRUE">Simple</efeatyp><efeageom Sync="TRUE">Tic</efeageom><esritopo Sync="TRUE">FALSE</esritopo><efeacnt Sync="TRUE">4</efeacnt><spindex Sync="TRUE">FALSE</spindex><linrefer Sync="TRUE">FALSE</linrefer></esriterm><sdtsterm Name="tic"><sdtstype Sync="TRUE">Point</sdtstype><ptvctcnt Sync="TRUE">4</ptvctcnt></sdtsterm></ptvctinf></spdoinfo><spref><horizsys><cordsysn><geogcsn Sync="TRUE">GCS_North_American_1983</geogcsn><projcsn Sync="TRUE">NAD_1983_UTM_Zone_4N</projcsn></cordsysn><planar><planci><plance Sync="TRUE">coordinate pair</plance><plandu Sync="TRUE">meters</plandu><coordrep><absres Sync="TRUE">0.000100</absres><ordres Sync="TRUE">0.000100</ordres></coordrep></planci><gridsys><gridsysn Sync="TRUE">Universal Transverse Mercator</gridsysn><utm><utmzone Sync="TRUE">4</utmzone><transmer><sfctrmer Sync="TRUE">0.999600</sfctrmer><longcm Sync="TRUE">-159.000000</longcm><latprjo Sync="TRUE">0.000000</latprjo><feast Sync="TRUE">500000.000000</feast><fnorth Sync="TRUE">0.000000</fnorth></transmer></utm></gridsys></planar><geodetic><horizdn Sync="TRUE">North American Datum of 1983</horizdn><ellips Sync="TRUE">Geodetic Reference System 80</ellips><semiaxis Sync="TRUE">6378137.000000</semiaxis><denflat Sync="TRUE">298.257222</denflat></geodetic></horizsys><vertdef><altsys><altenc Sync="TRUE">Explicit elevation coordinate included with horizontal coordinates</altenc><altres Sync="TRUE">0.000003</altres></altsys></vertdef></spref><refSysInfo><RefSystem><refSysID><identCode Sync="TRUE">NAD_1983_UTM_Zone_4N</identCode></refSysID></RefSystem></refSysInfo><spatRepInfo><VectSpatRep><topLvl><TopoLevCd Sync="TRUE" value="001"></TopoLevCd></topLvl><geometObjs Name="HI_wet_linear"><geoObjTyp><GeoObjTypCd Sync="TRUE" value="001"></GeoObjTypCd></geoObjTyp><geoObjCnt Sync="TRUE">1408</geoObjCnt></geometObjs></VectSpatRep></spatRepInfo><eainfo><detailed Name="HI_wet_linear"><enttyp><enttypl Sync="TRUE">HI_wet_linear</enttypl><enttypt Sync="TRUE">Feature Class</enttypt><enttypc Sync="TRUE">1408</enttypc></enttyp><attr><attrlabl Sync="TRUE">OBJECTID</attrlabl><attalias Sync="TRUE">OBJECTID</attalias><attrtype Sync="TRUE">OID</attrtype><attwidth Sync="TRUE">4</attwidth><atprecis Sync="TRUE">10</atprecis><attscale Sync="TRUE">0</attscale><attrdef Sync="TRUE">Internal feature number.</attrdef><attrdefs Sync="TRUE">ESRI</attrdefs><attrdomv><udom Sync="TRUE">Sequential unique whole numbers that are automatically generated.</udom></attrdomv></attr><attr><attrlabl Sync="TRUE">ATTRIBUTE</attrlabl><attalias Sync="TRUE">Shape</attalias><attrtype Sync="TRUE">Geometry</attrtype><attwidth Sync="TRUE">4</attwidth><atprecis Sync="TRUE">0</atprecis><attscale Sync="TRUE">0</attscale><attrdef Sync="TRUE">Feature geometry.</attrdef><attrdefs Sync="TRUE">ESRI</attrdefs><attrdomv><udom Sync="TRUE">Coordinates defining the features.</udom></attrdomv></attr><attr><attrlabl Sync="TRUE">QAQC_CODE</attrlabl><attalias Sync="TRUE">GLOBALID</attalias><attrtype Sync="TRUE">GlobalID</attrtype><attwidth Sync="TRUE">38</attwidth><atprecis Sync="TRUE">0</atprecis><attscale Sync="TRUE">0</attscale></attr><attr><attrlabl Sync="TRUE">HGM_CODE</attrlabl><attalias Sync="TRUE">GLOBALID</attalias><attrtype Sync="TRUE">GlobalID</attrtype><attwidth Sync="TRUE">38</attwidth><atprecis Sync="TRUE">0</atprecis><attscale Sync="TRUE">0</attscale></attr><attr><attrlabl Sync="TRUE">HIST_ATTRIBUTE</attrlabl><attalias Sync="TRUE">GLOBALID</attalias><attrtype Sync="TRUE">GlobalID</attrtype><attwidth Sync="TRUE">38</attwidth><atprecis Sync="TRUE">0</atprecis><attscale Sync="TRUE">0</attscale></attr><attr><attrlabl Sync="TRUE">SHAPE</attrlabl><attwidth Sync="TRUE">38</attwidth><atoutwid Sync="TRUE">5</atoutwid><attrtype Sync="TRUE">GlobalID</attrtype><attrdef Sync="TRUE">Feature geometry.</attrdef><attrdefs Sync="TRUE">ESRI</attrdefs><attrdomv><udom Sync="TRUE">Coordinates defining the features.</udom></attrdomv><attalias Sync="TRUE">GLOBALID</attalias><atprecis Sync="TRUE">0</atprecis><attscale Sync="TRUE">0</attscale></attr><attr><attrlabl Sync="TRUE">SHAPE_Length</attrlabl><attalias Sync="TRUE">GLOBALID</attalias><attrtype Sync="TRUE">GlobalID</attrtype><attwidth Sync="TRUE">38</attwidth><atprecis Sync="TRUE">0</atprecis><attscale Sync="TRUE">0</attscale><attrdef Sync="TRUE">Length of feature in internal units.</attrdef><attrdefs Sync="TRUE">ESRI</attrdefs><attrdomv><udom Sync="TRUE">Positive real numbers that are automatically generated.</udom></attrdomv></attr><attr><attrlabl Sync="TRUE">ATTRIBUTE</attrlabl><attwidth Sync="TRUE">38</attwidth><atoutwid Sync="TRUE">20</atoutwid><attrtype Sync="TRUE">GlobalID</attrtype><attalias Sync="TRUE">GLOBALID</attalias><atprecis Sync="TRUE">0</atprecis><attscale Sync="TRUE">0</attscale></attr></detailed></eainfo><mdDateSt Sync="TRUE">20100602</mdDateSt><dataqual><lineage><procstep><procdesc Sync="TRUE">Dataset copied.</procdesc><srcused Sync="TRUE"></srcused><date Sync="TRUE">20030911</date><time Sync="TRUE">15441200</time></procstep><procstep><procdesc Sync="TRUE">Dataset copied.</procdesc><srcused Sync="TRUE">Server=Aquaterra; Service=5151; User=NWIDBA; Version=SDE.DEFAULT</srcused><date Sync="TRUE">20031230</date><time Sync="TRUE">10274000</time></procstep><procstep><procdesc Sync="TRUE">Dataset copied.</procdesc><srcused Sync="TRUE">Server=aquaterra2; Service=5151; User=nwidba; Version=SDE.DEFAULT</srcused><date Sync="TRUE">20050727</date><time Sync="TRUE">16155000</time></procstep><procstep><procdesc Sync="TRUE">Dataset copied.</procdesc><srcused Sync="TRUE">Server=Igsarchwdbgis01; Service=5151; User=NWIDBA; Version=NWIDBA.NWIDATA</srcused><date Sync="TRUE">20070411</date><time Sync="TRUE">15364400</time></procstep><procstep><procdesc Sync="TRUE">Dataset copied.</procdesc><srcused Sync="TRUE">Server=igsarchwdbfws02; Service=5151; User=wetdba; Version=SDE.DEFAULT</srcused><procdate Sync="TRUE">20100507</procdate><proctime Sync="TRUE">09274700</proctime></procstep><procstep><procdesc Sync="TRUE">Dataset copied.</procdesc><srcused Sync="TRUE">Server=igsarchwdbfws01; Service=5151; User=wetdba; Version=WETDBA.WETDATA</srcused><procdate Sync="TRUE">20100513</procdate><proctime Sync="TRUE">10503200</proctime></procstep><procstep><procdesc Sync="TRUE">Dataset copied.</procdesc><srcused Sync="TRUE">\\10.4.1.62\gis\Agencies\OP\Wetlands\HI_wetlands.gdb</srcused><procdate Sync="TRUE">20100602</procdate><proctime Sync="TRUE">15272700</proctime></procstep><procstep><procdesc Sync="TRUE">Dataset copied.</procdesc><srcused Sync="TRUE">\\10.4.1.62\gis\Agencies\OP\Wetlands\HI_wetlands.gdb</srcused><procdate Sync="TRUE">20100602</procdate><proctime Sync="TRUE">16073500</proctime></procstep></lineage></dataqual></metadata>
