<?xml version="1.0" encoding="UTF-8"?>
<metadata>
	<idinfo>
		<citation>
			<citeinfo>
				<origin>U.S. Fish and Wildlife Service</origin>
				<pubdate>May 22, 2008</pubdate>
				<title Sync="TRUE">HI_Public_Historic_Map_Info</title>
				<geoform Sync="TRUE">vector digital data</geoform>
				<serinfo></serinfo>
				<pubinfo>
					<pubplace>Washington, D.C.</pubplace>
					<publish>U.S. Fish and Wildlife Service, Branch of Habitat Assessment</publish>
				</pubinfo>
				<onlink>http://www.fws.gov/wetlands/index.html</onlink>
				<ftname Sync="TRUE">HI_Public_Historic_Map_Info</ftname></citeinfo>
		</citation>
		<descript>
			<abstract>This data set represents the extent and approximate location of historic wetland map reports in the conterminous United States generated by the U.S. Fish and Wildlife Service, cooperators, and contractors.</abstract>
			<purpose>The purpose of this data set is to provide a spatial footprint in support of the written historic wetland map report.</purpose>
			<langdata Sync="TRUE">en</langdata></descript>
		<timeperd>
			<timeinfo>
				<rngdates>
					<begdate>1977</begdate>
					<enddate>present</enddate>
				</rngdates>
			</timeinfo>
			<current>ground condition</current>
		</timeperd>
		<status>
			<progress>Ongoing</progress>
			<update>In Continuous Increments</update>
		</status>
		<spdom>
			<bounding>
				<westbc Sync="TRUE">-160.284810</westbc>
				<eastbc Sync="TRUE">-154.667634</eastbc>
				<northbc Sync="TRUE">22.240257</northbc>
				<southbc Sync="TRUE">18.850112</southbc>
			</bounding>
			<lboundng><leftbc Sync="TRUE">367592.587100</leftbc><rightbc Sync="TRUE">946922.389100</rightbc><bottombc Sync="TRUE">2089591.867800</bottombc><topbc Sync="TRUE">2459420.408600</topbc></lboundng></spdom>
		<keywords>
			<theme>
				<themekt>REQUIRED: Reference to a formally registered thesaurus or a similar authoritative source of theme keywords.</themekt>
				<themekey>Wetlands</themekey>
				<themekey>Deepwater habitats</themekey>
				<themekey>Hydrography</themekey>
				<themekey>Surface water</themekey>
				<themekey>Swamps, marshes, bogs, fens</themekey>
			</theme>
			<place>
				<placekey>United States</placekey>
				<placekey>Hawaii</placekey>
			</place>
		</keywords>
		<accconst>None</accconst>
		<useconst>None. Acknowledgement of the U.S. Fish and Wildlife Service and (or) the National Wetlands Inventory would be appreciated in products derived from these data</useconst>
		<ptcontac>
			<cntinfo>
				<cntorgp>
					<cntorg>U.S. Fish and Wildlife Service</cntorg>
				</cntorgp>
				<cntpos>Wetlands Database Administrator</cntpos>
				<cntaddr>
					<addrtype>mailing and physical address</addrtype>
					<address>505 Science Drive</address>
					<city>Madison</city>
					<state>WI</state>
					<postal>53711</postal>
					<country>USA</country>
				</cntaddr>
				<cntvoice>608-238-9333</cntvoice>
				<cntfax>608-238-9334</cntfax>
				<cntemail>wetlands_team@fws.gov</cntemail>
			</cntinfo>
		</ptcontac>
		<browse>
			<browsed>Topical overlay showing the extent of historc map reports.</browsed>
		</browse>
		<native Sync="TRUE">Microsoft Windows XP Version 5.1 (Build 2600) Service Pack 3; ESRI ArcCatalog 9.3.1.3000</native>
		<crossref>
			<citeinfo>
				<origin>U.S. Fish and Wildlife Serivce, National Wetlands Inventory</origin>
				<pubdate>Various</pubdate>
				<title>Historic Wetland Map Reports of the Conterminous United States</title>
				<edition>Version 1.0</edition>
				<pubinfo>
					<pubplace>Washington, D.C.  USA</pubplace>
					<publish>U.S. Fish and Wildlife Service</publish>
				</pubinfo>
			</citeinfo>
		</crossref>
		<natvform Sync="TRUE">File Geodatabase Feature Class</natvform></idinfo>
	<dataqual>
		<attracc>
			<attraccr>The source data was checked using standard review procedures. Attributes were checked by using visual inspection.  Quality of the attribute information varies with age and mapping protocols used when individual maps were prepared</attraccr>
			<qattracc>
				<attraccv>All polygons are attributed.</attraccv>
			</qattracc>
		</attracc>
		<logic>Polygon and chain-node topology are present.</logic>
		<complete>This data set represents the extent of Historic Map Reports.</complete>
		<lineage>
			<srcinfo>
				<srccite>
					<citeinfo>
						<origin>U.S. Fish and Wildlife Service</origin>
						<pubdate>1977 to present</pubdate>
						<title>Historic Wetland Map Report Footprints of the Conterminous United States</title>
						<serinfo>
							<sername>National Wetlands Inventory Maps</sername>
						</serinfo>
						<pubinfo>
							<pubplace>Washington, D.C.</pubplace>
							<publish>U.S. Fish and Wildlife Service</publish>
						</pubinfo>
					</citeinfo>
				</srccite>
				<srcscale>1:24,000 and 1:25,000</srcscale>
				<typesrc>Digital file and hard copy paper</typesrc>
				<srctime>
					<timeinfo>
						<rngdates>
							<begdate>1977</begdate>
							<enddate>present</enddate>
						</rngdates>
					</timeinfo>
					<srccurr>ground condition</srccurr>
				</srctime>
				<srccontr>Spatial information</srccontr>
			</srcinfo>
			<procstep>
				<procdesc>The file was converted to NAD83 in geographic coordinates, and saved in geodatabase format.</procdesc>
				<procdate>200401</procdate>
			</procstep>
			<procstep>
				<procdesc>Metadata imported.</procdesc>
				<srcused>C:\TEMP\xml79.tmp</srcused>
				<procdate>20100209</procdate>
				<proctime>16032200</proctime>
			</procstep>
			<procstep><procdesc Sync="TRUE">Metadata imported.</procdesc><srcused Sync="TRUE">C:\TEMP\xml7A.tmp</srcused><procdate Sync="TRUE">20100209</procdate><proctime Sync="TRUE">16172800</proctime></procstep><procstep><procdesc Sync="TRUE">Dataset copied.</procdesc><srcused Sync="TRUE">Server=igsarchwdbfws02; Service=5151; User=wetdba; Version=SDE.DEFAULT</srcused><procdate Sync="TRUE">20100507</procdate><proctime Sync="TRUE">09264800</proctime></procstep><procstep><procdesc Sync="TRUE">Dataset copied.</procdesc><srcused Sync="TRUE">Server=igsarchwdbfws01; Service=5151; User=wetdba; Version=WETDBA.WETDATA</srcused><procdate Sync="TRUE">20100513</procdate><proctime Sync="TRUE">10504200</proctime></procstep><procstep><procdesc Sync="TRUE">Dataset copied.</procdesc><srcused Sync="TRUE">\\10.4.1.62\gis\Agencies\OP\Wetlands\HI_wetlands.gdb</srcused><procdate Sync="TRUE">20100602</procdate><proctime Sync="TRUE">15205300</proctime></procstep><procstep><procdesc Sync="TRUE">Dataset copied.</procdesc><srcused Sync="TRUE">\\10.4.1.62\gis\Agencies\OP\Wetlands\HI_wetlands.gdb</srcused><procdate Sync="TRUE">20100602</procdate><proctime Sync="TRUE">16093200</proctime></procstep></lineage>
	</dataqual>
	<spdoinfo>
		<direct Sync="TRUE">Vector</direct>
		<ptvctinf>
			<sdtsterm Name="HI_Public_Historic_Map_Info">
				<sdtstype Sync="TRUE">G-polygon</sdtstype>
				<ptvctcnt Sync="TRUE">1</ptvctcnt>
			</sdtsterm>
			<esriterm Name="HI_Public_Historic_Map_Info"><efeatyp Sync="TRUE">Simple</efeatyp><efeageom Sync="TRUE">Polygon</efeageom><esritopo Sync="TRUE">FALSE</esritopo><efeacnt Sync="TRUE">1</efeacnt><spindex Sync="TRUE">TRUE</spindex><linrefer Sync="TRUE">FALSE</linrefer></esriterm></ptvctinf>
	</spdoinfo>
	<spref>
		<horizsys>
			<planar>
				<planci>
					<plance Sync="TRUE">coordinate pair</plance>
					<coordrep>
						<absres Sync="TRUE">0.000100</absres>
						<ordres Sync="TRUE">0.000100</ordres>
					</coordrep>
					<plandu Sync="TRUE">meters</plandu>
				</planci>
				<gridsys><gridsysn Sync="TRUE">Universal Transverse Mercator</gridsysn><utm><utmzone Sync="TRUE">4</utmzone><transmer><sfctrmer Sync="TRUE">0.999600</sfctrmer><longcm Sync="TRUE">-159.000000</longcm><latprjo Sync="TRUE">0.000000</latprjo><feast Sync="TRUE">500000.000000</feast><fnorth Sync="TRUE">0.000000</fnorth></transmer></utm></gridsys></planar>
			<geodetic>
				<horizdn Sync="TRUE">North American Datum of 1983</horizdn>
				<ellips Sync="TRUE">Geodetic Reference System 80</ellips>
				<semiaxis Sync="TRUE">6378137.000000</semiaxis>
				<denflat Sync="TRUE">298.257222</denflat>
			</geodetic>
			<cordsysn><geogcsn Sync="TRUE">GCS_North_American_1983</geogcsn><projcsn Sync="TRUE">NAD_1983_UTM_Zone_4N</projcsn></cordsysn></horizsys>
		<vertdef>
			<altsys>
				<altres Sync="TRUE">0.000100</altres>
				<altenc Sync="TRUE">Explicit elevation coordinate included with horizontal coordinates</altenc>
			</altsys>
		</vertdef>
	</spref>
	<eainfo>
		<detailed Name="HI_Public_Historic_Map_Info">
			<enttyp>
				<enttypl Sync="TRUE">HI_Public_Historic_Map_Info</enttypl>
				<enttypds>U.S. Fish and Wildlife Service</enttypds>
				<enttypt Sync="TRUE">Feature Class</enttypt><enttypc Sync="TRUE">1</enttypc></enttyp>
			<attr>
				<attrlabl>OBJECTID</attrlabl>
				<attrdef>Internal feature number.</attrdef>
				<attrdefs>ESRI</attrdefs>
				<attrdomv>
					<edom>
						<edomv>Polygon</edomv>
						<edomvd>2-dimensional element.</edomvd>
						<edomvds>ESRI GIS software</edomvds>
					</edom>
				</attrdomv>
				<attrdomv>
					<udom>Sequential unique whole numbers that are automatically generated.</udom>
				</attrdomv>
				<attalias Sync="TRUE">OBJECTID</attalias><attrtype Sync="TRUE">OID</attrtype><attwidth Sync="TRUE">4</attwidth><atprecis Sync="TRUE">10</atprecis><attscale Sync="TRUE">0</attscale></attr>
			<attr>
				<attrlabl>SHAPE</attrlabl>
				<attrdef>Feature geometry.</attrdef>
				<attrdefs>ESRI</attrdefs>
				<attrdomv>
					<udom>Coordinates defining the features.</udom>
				</attrdomv>
				<attalias Sync="TRUE">SHAPE</attalias><attrtype Sync="TRUE">Geometry</attrtype><attwidth Sync="TRUE">4</attwidth><atprecis Sync="TRUE">0</atprecis><attscale Sync="TRUE">0</attscale></attr>
			<attr>
				<attrlabl>PDF_HYPERLINK</attrlabl>
				<attrdef>The hyperlink URL to the Historic Map Report PDF file for each specific footprint</attrdef>
				<attalias Sync="TRUE">PDF_HYPERLINK</attalias><attrtype Sync="TRUE">String</attrtype><attwidth Sync="TRUE">100</attwidth><atprecis Sync="TRUE">0</atprecis><attscale Sync="TRUE">0</attscale></attr>
			<attr>
				<attrlabl>GLOBALID</attrlabl>
				<attalias Sync="TRUE">GLOBALID</attalias><attrtype Sync="TRUE">GlobalID</attrtype><attwidth Sync="TRUE">38</attwidth><atprecis Sync="TRUE">0</atprecis><attscale Sync="TRUE">0</attscale></attr>
			<attr><attrlabl Sync="TRUE">SHAPE_Length</attrlabl><attalias Sync="TRUE">SHAPE_Length</attalias><attrtype Sync="TRUE">Double</attrtype><attwidth Sync="TRUE">8</attwidth><atprecis Sync="TRUE">0</atprecis><attscale Sync="TRUE">0</attscale><attrdef Sync="TRUE">Length of feature in internal units.</attrdef><attrdefs Sync="TRUE">ESRI</attrdefs><attrdomv><udom Sync="TRUE">Positive real numbers that are automatically generated.</udom></attrdomv></attr><attr><attrlabl Sync="TRUE">SHAPE_Area</attrlabl><attalias Sync="TRUE">SHAPE_Area</attalias><attrtype Sync="TRUE">Double</attrtype><attwidth Sync="TRUE">8</attwidth><atprecis Sync="TRUE">0</atprecis><attscale Sync="TRUE">0</attscale><attrdef Sync="TRUE">Area of feature in internal units squared.</attrdef><attrdefs Sync="TRUE">ESRI</attrdefs><attrdomv><udom Sync="TRUE">Positive real numbers that are automatically generated.</udom></attrdomv></attr></detailed>
	</eainfo>
	<distinfo>
		<distrib>
			<cntinfo>
				<cntorgp>
					<cntorg>U.S. Fish and Wildlife Service</cntorg>
				</cntorgp>
				<cntpos>Wetlands Database Administrator</cntpos>
				<cntaddr>
					<addrtype>mailing and physical address</addrtype>
					<address>505 Science Drive</address>
					<city>Madison</city>
					<state>WI</state>
					<postal>53711</postal>
					<country>USA</country>
				</cntaddr>
				<cntvoice>608-238-9333</cntvoice>
				<cntfax>608-238-9334</cntfax>
				<cntemail>wetlands_team@fws.gov</cntemail>
			</cntinfo>
		</distrib>
		<resdesc>Downloadable Data</resdesc>
		<distliab>Although these data have been processed successfully on a computer system at the U.S. Fish and Wildlife Service, no warranty expressed or implied is made by the U.S. Fish and Wildlife Service regarding the utility of the data on any other system, nor shall the act of distribution constitute any such warranty. No responsibility is assumed by the U.S. Fish and Wildlife Service in the use of these data.</distliab>
		<stdorder>
			<digform>
				<digtinfo>
					<formname>ESRI Shapefile or File Geodatabase</formname>
				</digtinfo>
				<digtopt>
					<offoptn>
						<offmedia>CD-ROM or DVD</offmedia>
						<recfmt>tar</recfmt>
					</offoptn>
				</digtopt>
			</digform>
			<fees>There is no charge for the online option.  Requests for large amounts of data are handled on a cost reimbursable basis.</fees>
		</stdorder>
	</distinfo>
	<metainfo>
		<metd Sync="TRUE">20100602</metd>
		<metc>
			<cntinfo>
				<cntorgp>
					<cntorg>U.S. Fish and Wildlife Service  Division of Federal Program Activities</cntorg>
				</cntorgp>
				<cntpos>Wetlands Database Administrator</cntpos>
				<cntaddr>
					<addrtype>mailing and physical address</addrtype>
					<address>505 Science Drive</address>
					<city>Madison</city>
					<state>WI</state>
					<postal>53711</postal>
					<country>USA</country>
				</cntaddr>
				<cntvoice>608-238-9333</cntvoice>
				<cntfax>608-238-9334</cntfax>
				<cntemail>wetlands_team@fws.gov</cntemail>
			</cntinfo>
		</metc>
		<metstdn Sync="TRUE">FGDC Content Standards for Digital Geospatial Metadata</metstdn>
		<metstdv Sync="TRUE">FGDC-STD-001-1998</metstdv>
		<mettc Sync="TRUE">local time</mettc>
		<metsi>
			<metscs>None</metscs>
			<metsc>Unclassified</metsc>
			<metshd>None</metshd>
		</metsi>
		<metextns>
			<onlink>http://www.esri.com/metadata/esriprof80.html</onlink>
			<metprof>ESRI Metadata Profile</metprof>
		</metextns>
		<metextns>
			<onlink>http://www.esri.com/metadata/esriprof80.html</onlink>
			<metprof>ESRI Metadata Profile</metprof>
		</metextns>
		<metextns>
			<onlink>http://www.esri.com/metadata/esriprof80.html</onlink>
			<metprof>ESRI Metadata Profile</metprof>
		</metextns>
		<langmeta Sync="TRUE">en</langmeta><metextns><onlink Sync="TRUE">http://www.esri.com/metadata/esriprof80.html</onlink><metprof Sync="TRUE">ESRI Metadata Profile</metprof></metextns></metainfo>
	<Esri><CreaDate>20100602</CreaDate><CreaTime>16093200</CreaTime><SyncOnce>FALSE</SyncOnce><SyncDate>20100602</SyncDate><SyncTime>16065500</SyncTime><ModDate>20100602</ModDate><ModTime>16065500</ModTime><MetaID>{ED514041-CE8B-4967-8115-F39D0DA78568}</MetaID></Esri><dataIdInfo><envirDesc Sync="TRUE">Microsoft Windows XP Version 5.1 (Build 2600) Service Pack 3; ESRI ArcCatalog 9.3.1.3000</envirDesc><dataLang><languageCode Sync="TRUE" value="en"></languageCode></dataLang><idCitation><resTitle Sync="TRUE">HI_Public_Historic_Map_Info</resTitle><presForm><PresFormCd Sync="TRUE" value="005"></PresFormCd></presForm></idCitation><spatRpType><SpatRepTypCd Sync="TRUE" value="001"></SpatRepTypCd></spatRpType><dataExt><geoEle><GeoBndBox esriExtentType="native"><westBL Sync="TRUE">367592.5871</westBL><eastBL Sync="TRUE">946922.3891</eastBL><northBL Sync="TRUE">2459420.4086</northBL><southBL Sync="TRUE">2089591.8678</southBL><exTypeCode Sync="TRUE">1</exTypeCode></GeoBndBox></geoEle></dataExt><geoBox esriExtentType="decdegrees"><westBL Sync="TRUE">-160.28481</westBL><eastBL Sync="TRUE">-154.667634</eastBL><northBL Sync="TRUE">22.240257</northBL><southBL Sync="TRUE">18.850112</southBL><exTypeCode Sync="TRUE">1</exTypeCode></geoBox></dataIdInfo><mdLang><languageCode Sync="TRUE" value="en"></languageCode></mdLang><mdStanName Sync="TRUE">ISO 19115 Geographic Information - Metadata</mdStanName><mdStanVer Sync="TRUE">DIS_ESRI1.0</mdStanVer><mdChar><CharSetCd Sync="TRUE" value="004"></CharSetCd></mdChar><mdHrLv><ScopeCd Sync="TRUE" value="005"></ScopeCd></mdHrLv><mdHrLvName Sync="TRUE">dataset</mdHrLvName><distInfo><distributor><distorTran><onLineSrc><orDesc Sync="TRUE">002</orDesc><linkage Sync="TRUE">file://</linkage><protocol Sync="TRUE">Local Area Network</protocol></onLineSrc></distorTran><distorFormat><formatName Sync="TRUE">File Geodatabase Feature Class</formatName></distorFormat></distributor></distInfo><refSysInfo><RefSystem><refSysID><identCode Sync="TRUE">NAD_1983_UTM_Zone_4N</identCode></refSysID></RefSystem></refSysInfo><spatRepInfo><VectSpatRep><topLvl><TopoLevCd Sync="TRUE" value="001"></TopoLevCd></topLvl><geometObjs Name="HI_Public_Historic_Map_Info"><geoObjTyp><GeoObjTypCd Sync="TRUE" value="001"></GeoObjTypCd></geoObjTyp><geoObjCnt Sync="TRUE">1</geoObjCnt></geometObjs></VectSpatRep></spatRepInfo><mdDateSt Sync="TRUE">20100602</mdDateSt></metadata>
